Profiles,Bio,Following,Followers,Location,Website
https://twitter.com/GTNUK1,"Providing Entertainment & Travel to Commercial Radio. Reaching 28.9M weekly listeners. Winners of The Arqiva National Sales Team of the Year 2010, 2011 & 2016",446,125,"London, England",gtn.uk.com/index.php
https://twitter.com/whatsapp,message privately with WhatsApp,5,5.5M,California,bit.ly/WatchPushPush
https://twitter.com/aacb_CBPTrade,Customs Broker,124,34,"Florida, USA",Not Available
https://twitter.com/aacbdotcom,A & A Freight | Warehousing | Customs Brokerage | Helping people ship across borders.,"3,813",651,Worldwide,aacb.com
https://twitter.com/@AAWindowPRODUCT,A commercial glass and glazing company serving the window industry in New England since 1954.,88,80,"Malden, MA",aawindowproducts.com
https://www.twitter.com/aandb_kia,"A&B Kia is a Kia dealer in Benwood, WV. Stay connected to exceed expectations. Build strong relationships. Drive the best with us.",330,295,"Benwood, West Virginia",aandbautosales.com
https://twitter.com/ABHomeInc,"Industry leader in wholesale home decor, furniture, and garden, since 1993.",176,361,"Rancho Cucamonga, CA",abhomeinc.com
https://twitter.com/Abrepro,"From large format black & white prints to the most sophisticated of digital color printing jobs, A & B can get the job done right.",123,131,"Bentonville, AR",abrepro.com
http://www.twitter.com,Not Available,Not Available,Not Available,Not Available,Not Available
https://twitter.com/ACChristofiLtd,"A & C CHRISTOFI LTD is a fast growing professional services company based in Limassol, Cyprus. Our main Concern is your Business.",291,90,Cyprus,acccyp.com
https://twitter.com/aeclothing1,Used Clothing Distributor,0,17,Carteret,aeclothing.net
http://www.twitter.com/,Not Available,Not Available,Not Available,Not Available,Not Available
https://twitter.com/AETechnologies1,Not Available,1,36,"Boulder, CO USA",ae-technologies.com
http://www.twitter.com/wix,"Create, manage and grow your business online with Wix. It’s more than just a website builder, it’s how your vision comes to life. For support:","3,685",413.6K,We're everywhere!,wix.com
https://twitter.com/AGInsuranceLLC,"A & G Insurance prides itself on being your local, full service, Independent Insurance Agency.",255,43,Connecticut,aginsuranceinc.com